"","Hz","Frontal","Central","Parietal","Occipital","logFrontal","logCentral","logParietal","logOccipital","logHz"
"1",0.997,179.176762155963,51.4549212121212,83.2981640909091,239.260931178707,5.18837281666328,3.94070610808722,4.42242650920494,5.47755471864652,-0.00300450902029872
"2",1.994,20.2971717889908,9.49377727272727,9.97355886363636,12.3990346007605,3.01048155560234,2.25063656006115,2.29993747751501,2.51761861480277,0.690142671539647
"3",2.991,5.12132706422018,4.06384696969697,3.93005704545455,4.21996197718631,1.63341359769742,1.40213005447296,1.36865394115866,1.43982611786191,1.09560777964781
"4",3.988,2.95697798165138,2.66275340909091,2.44376454545455,2.57675057034221,1.08416779466452,0.979360703629835,0.893539696837987,0.946529136276433,1.38328985209959
"5",4.985,2.03406605504587,1.99797234848485,1.80771363636364,1.88913574144487,0.710036772539501,0.692132840533421,0.592062862458429,0.636119444828523,1.6064334034138
"6",5.982,1.62257293577982,1.73193863636364,1.545385,1.57726235741445,0.484013121300598,0.54924138016136,0.435273070245315,0.455690659022968,1.78875496020776
"7",6.979,1.6124121559633,1.82708636363636,1.66856227272727,1.61791977186312,0.477731291281886,0.602722547015569,0.511962341094345,0.481141232649901,1.94290564003501
"8",7.976,1.85111582568807,2.280375,2.37451704545455,2.16077148288973,0.61578860628955,0.824339903126246,0.864794067526039,0.770465325931272,2.07643703265954
"9",8.973,2.14907844036697,3.11016022727273,3.99632681818182,3.48871406844106,0.765039117862996,1.13467424488742,1.38537564377377,1.24953320655088,2.19422006831592
"10",9.97,2.45803600917431,3.64310075757576,5.32833909090909,5.15911406844107,0.899362660822668,1.2928351755017,1.67303957440159,1.6407648725901,2.29958058397375
"11",10.967,2.44760298165138,3.31680416666667,5.32993590909091,6.51715057034221,0.895109170799401,1.19900171892949,1.67333921354465,1.8744372513249,2.39489076377807
"12",11.964,1.62567110091743,2.17970606060606,3.6433775,4.82863954372624,0.485920715706751,0.779190033125622,1.29291113604521,1.57456476002303,2.4819021407677
"13",12.961,1.03604518348624,1.33461553030303,1.92159363636364,2.27231673003802,0.0354107562899596,0.288643258092097,0.653154860703854,0.82079989696941,2.56194484844124
"14",13.958,0.810977293577982,0.985758333333333,1.30074045454545,1.45352053231939,-0.209515223312954,-0.0143440524601506,0.262933682737713,0.373988567039753,2.63605282059496
"15",14.955,0.715260779816514,0.866360606060606,0.974150227272727,1.02166615969582,-0.335108075768756,-0.143454052864855,-0.0261897497866421,0.0214347845005136,2.70504569208191
"16",15.952,0.658904357798165,0.797916287878788,0.835740227272727,0.838693536121673,-0.417176887336829,-0.225751589442505,-0.179437447112275,-0.175909912042249,2.76958421321948
"17",16.949,0.656114449541284,0.786273863636364,0.798704772727273,0.766400380228137,-0.421420039491276,-0.240450120221254,-0.224763897457175,-0.266050556203301,2.83020883503592
"18",17.946,0.648957339449541,0.772910606060606,0.766511818181818,0.715632699619772,-0.432388297181926,-0.257591882540632,-0.265905162417547,-0.334588233003409,2.88736724887587
"19",18.943,0.647213990825688,0.724358333333333,0.726082954545455,0.692290874524715,-0.435078296002893,-0.32246907349334,-0.320091008225495,-0.367749072773571,2.94143447014614
"20",19.94,0.646050458715596,0.687234848484849,0.682854090909091,0.668357794676806,-0.436877668783053,-0.375079198764244,-0.381474071941929,-0.402931628065435,2.99272776453369
"21",20.937,0.665184403669725,0.634768560606061,0.635839545454545,0.658797338403042,-0.40769097801501,-0.45449481801184,-0.452809034492894,-0.417339320755055,3.04151792870312
"22",21.934,0.686829587155963,0.599560984848485,0.563539318181818,0.616290874524715,-0.375669071160508,-0.511557583502363,-0.573518172990913,-0.484036227995678,3.08803794433802
"23",22.931,0.626382339449541,0.520029545454545,0.480852727272727,0.514879087452471,-0.46779432842978,-0.653869650838938,-0.732194236065316,-0.663823187529613,3.13248970690885
"24",23.928,0.55206123853211,0.453167045454545,0.405221363636364,0.439969961977186,-0.594096299488594,-0.791494467709269,-0.903321784314424,-0.82104882263388,3.17504932132765
"25",24.925,0.515263073394495,0.405940151515152,0.357935,0.403431558935361,-0.663077686618375,-0.901549540307539,-1.02740387331203,-0.907748424158703,3.2158713158479
"26",25.922,0.471303899082569,0.37520946969697,0.327503863636364,0.366060456273764,-0.752252172049184,-0.980270823104149,-1.11625542661348,-1.0049567781458,3.25509202900118
"27",26.919,0.44787752293578,0.355271212121212,0.309000681818182,0.356345247148289,-0.803235470248063,-1.03487380338298,-1.17441179555549,-1.03185522271745,3.29283235698403
"28",27.916,0.404263990825688,0.319197348484848,0.279011818181818,0.326551711026616,-0.905687171783827,-1.14194572019271,-1.27650113898327,-1.11916696293929,3.32920000115491
"29",28.913,0.383424082568807,0.295820454545455,0.266628409090909,0.315541825095057,-0.958613637174746,-1.21800258117916,-1.32189931618363,-1.15346403813249,3.36429132096618
"30",29.91,0.354824541284404,0.27793446969697,0.253792272727273,0.306502281368821,-1.03613186159155,-1.28036991359244,-1.37123917047239,-1.18253008034215,3.39819287264186
"31",30.907,0.337464220183486,0.255537121212121,0.239938863636364,0.30501711026616,-1.08629578856061,-1.36438759139028,-1.42737112293906,-1.18738740471492,3.43098269546485
"32",31.904,0.325169266055046,0.239356060606061,0.225180909090909,0.295706463878327,-1.12340941360044,-1.42980304236095,-1.490851159441,-1.21838799278086,3.46273139377943
"33",32.901,0.312346788990826,0.228285606060606,0.218437954545455,0.2830463878327,-1.16364120525924,-1.47715777578879,-1.52125326566139,-1.26214448016825,3.49350305244618
"34",33.898,0.304173165137615,0.218089393939394,0.201971590909091,0.265161596958175,-1.19015811758583,-1.52285023630411,-1.59962823053544,-1.32741583900612,3.52335601559586
"35",34.895,0.296279816513761,0.210409090909091,0.194316590909091,0.253370342205323,-1.21645094513736,-1.55870159130918,-1.63826653813761,-1.37290305738704,3.55234355246911
"36",35.892,0.291864908256881,0.199496212121212,0.183950227272727,0.247261216730038,-1.23146422672201,-1.61196002969356,-1.69309006191851,-1.39730994356277,3.58051442943581
"37",36.889,0.283577293577982,0.203081818181818,0.183711818181818,0.247774144486692,-1.26027055248729,-1.59414633591063,-1.69438695468878,-1.39523765547833,3.60791340362393
"38",37.886,0.284756422018349,0.200147348484848,0.178705,0.238279087452471,-1.25612112372796,-1.60870144127133,-1.72201887735368,-1.43431265595673,3.63458165070609
"39",38.883,0.286513990825688,0.195918939393939,0.177828181818182,0.242184410646388,-1.24996791042215,-1.63005427981787,-1.72693746554818,-1.41805581555655,3.66055713710935
"40",39.88,0.287545871559633,0.193269696969697,0.176779545454545,0.247567680608365,-1.2463728782211,-1.64366867189774,-1.73285182860196,-1.39607127735245,3.68587494509364
"41",40.877,0.285649770642202,0.191193560606061,0.172585,0.236360076045627,-1.25298879674494,-1.65446895777058,-1.75686541025073,-1.44239889076826,3.71056755768401
"42",41.874,0.286836467889908,0.192628409090909,0.170918636363636,0.238999619771863,-1.24884302391226,-1.64699228742756,-1.7665676464523,-1.4312933179646,3.73466510926307
"43",42.871,0.288799541284404,0.195062121212121,0.171982954545455,0.240831939163498,-1.24202246031513,-1.63443720083257,-1.76035990855948,-1.42365593662091,3.75819560667326
"44",43.868,0.280334174311927,0.187954924242424,0.164810454545455,0.226672623574144,-1.27177290775816,-1.67155310956829,-1.80295922574304,-1.48424848935125,3.78118512489796
"45",44.865,0.274732110091743,0.178875757575758,0.160565909090909,0.228208745247148,-1.29195880122422,-1.72106380589013,-1.82905077216361,-1.47749451955775,3.80365798075002
"46",45.862,0.27165,0.174488257575758,0.156129772727273,0.228804562737643,-1.30324080598461,-1.74589783143332,-1.85706774109317,-1.47488707764018,3.8256368874688
"47",46.859,0.265784862385321,0.173101893939394,0.1536275,0.214189353612167,-1.32506808547104,-1.75387487555773,-1.87322443783535,-1.54089482522815,3.84714309268976
"48",47.856,0.251228669724771,0.166617803030303,0.152478409090909,0.217862357414449,-1.3813917198306,-1.79205269403243,-1.88073227268977,-1.52389180360951,3.86819650188759
"49",48.853,0.243266055045872,0.163023484848485,0.144735,0.205185551330798,-1.41359955785,-1.81386100972867,-1.93285079484168,-1.58384058078255,3.88881578909033
"50",49.85,0.238854357798165,0.159320075757576,0.141029090909091,0.197650570342205,-1.43190129439669,-1.83684004516306,-1.95878909138051,-1.62125460362658,3.90901849640785
"51",50.847,0.233562155963303,0.160872727272727,0.143118181818182,0.195878326996198,-1.45430704473381,-1.82714174045249,-1.94408454375992,-1.63026159314734,3.92882112370403
"52",51.844,0.228380275229358,0.15483446969697,0.138443636363636,0.192385551330798,-1.47674316557162,-1.8653986701533,-1.97729199384776,-1.64825384060373,3.94823920956113
"53",52.841,0.218721330275229,0.146329166666667,0.129917045454545,0.1769,-1.51995682393269,-1.92189662878456,-2.04085914409471,-1.7321706778164,3.96728740453182
"54",53.838,0.206754128440367,0.141554545454545,0.125256363636364,0.171424714828897,-1.57622497700507,-1.95507015593313,-2.07739273283186,-1.76361108934585,3.98597953754398
"55",54.835,0.201597247706422,0.134825378787879,0.116704090909091,0.170074904942966,-1.60148339512801,-2.00377482828474,-2.14811368538466,-1.77151632166361,4.00432867621217
"56",55.832,0.192099311926606,0.129891287878788,0.115221136363636,0.162657794676806,-1.64974279106409,-2.04105742546245,-2.16090207217111,-1.81610670420578,4.02234718171485
"57",56.829,0.179748623853211,0.124986742424242,0.10893,0.152997718631179,-1.71619593830341,-2.07954760791072,-2.21704980488778,-1.8773322686082,4.04004675881425
"58",57.826,0.161649311926606,0.116640151515152,0.0993320454545455,0.143415969581749,-1.82232603138266,-2.14866171172442,-2.30928704645159,-1.94200599312765,4.05743850152612
"59",58.823,0.123997706422018,0.0884761363636364,0.0758920454545454,0.109536882129278,-2.08749221014479,-2.4250224089378,-2.57844340304318,-2.21149396333932,4.07453293488542
"60",59.82,0.0389896788990826,0.0269988636363636,0.0233181818181818,0.0388634980988593,-3.24445831149006,-3.6119605014056,-3.75852188716968,-3.24769982110019,4.0913400532018
"61",60.817,0.00306582568807339,0.00211893939393939,0.00189795454545455,0.00347566539923954,-5.78743835335374,-6.15683960136059,-6.26697852773526,-5.66196933650013,4.10786935515301
"62",61.814,0.000667431192660551,0.000437121212121212,0.000420681818181818,0.000946768060836502,-7.31207425515968,-7.73530002805445,-7.77363378631499,-6.96245641469519,4.12412987602479
"63",62.811,0.000551146788990826,0.000364772727272727,0.000343181818181818,0.000782889733840304,-7.50350937958875,-7.91623606332437,-7.97725016907952,-7.15251869712616,4.14013021737123
"64",63.808,0.00252866972477064,0.00170113636363636,0.00154590909090909,0.00273117870722433,-5.98006191501017,-6.37645880203476,-6.47214313332135,-5.90302200207915,4.15587857433937
"65",64.805,0.0291389908256881,0.0202518939393939,0.0177975,0.0287840304182509,-3.53567811074038,-3.89950696193174,-4.02869728098625,-3.54793454499815,4.17138276087534
"66",65.802,0.0698052752293578,0.0476977272727273,0.0421704545454545,0.0624817490494297,-2.66204569571773,-3.04287152849702,-3.16603543239975,-2.77288078009365,4.18665023300613
"67",66.799,0.074548623853211,0.0527458333333333,0.0455979545454545,0.0670437262357414,-2.5963036973219,-2.9422704986873,-3.08789241992721,-2.70241024207757,4.20168811037067
"68",67.796,0.0682295871559633,0.0490200757575758,0.0425331818181818,0.0638262357414449,-2.6848769789431,-3.01552535544118,-3.15747075901435,-2.75159095464061,4.21650319615581
"69",68.793,0.0607410550458716,0.0433882575757576,0.0371784090909091,0.0565566539923954,-2.80113544964592,-3.13756643725505,-3.29202708698278,-2.87251241769405,4.23110199557696
"70",69.79,0.0540252293577982,0.0394863636363636,0.0334156818181818,0.0484403041825095,-2.91830413119703,-3.23179989107458,-3.39872997367298,-3.0274230807441,4.24549073302906
"71",70.787,0.0476853211009174,0.034405303030303,0.0287177272727273,0.0436916349809886,-3.04313166218097,-3.36954456862624,-3.55024067189133,-3.13059861440293,4.25967536802102
"72",71.784,0.042004128440367,0.0293458333333333,0.0256959090909091,0.0379536121673004,-3.16998736933031,-3.52860470757872,-3.6614234790934,-3.27139059739599,4.27366160999576
"73",72.781,0.0366837155963303,0.0257829545454545,0.0218902272727273,0.0313726235741445,-3.30542233911425,-3.65804168193025,-3.8217149850103,-3.46181962705556,4.28745493212809
"74",73.778,0.0310993119266055,0.0227041666666667,0.0191018181818182,0.0269216730038023,-3.47056958458815,-3.78520681774103,-3.95797175569475,-3.6148236288929,4.30106058418387
"75",74.775,0.0264456422018349,0.0191973484848485,0.0162652272727273,0.0232095057034221,-3.6326638903259,-3.95298310923252,-4.11872574603872,-3.76319335562993,4.31448360451601
"76",75.772,0.0227057339449541,0.0163348484848485,0.0138265909090909,0.0188615969581749,-3.78513778969794,-4.11445450946349,-4.28116166339572,-3.970627331015,4.32772883126603
"77",76.769,0.0191327981651376,0.0136102272727273,0.0116125,0.0159589353612167,-3.9563512351791,-4.29693376350688,-4.45567317484218,-4.13773639587615,4.34080091283339
"78",77.766,0.0165254587155963,0.0119401515151515,0.0102393181818182,0.0140277566539924,-4.10285313474334,-4.42784848138701,-4.58152024539439,-4.26671729401803,4.35370431766929
"79",78.763,0.0141075688073394,0.0107306818181818,0.0088775,0.0117460076045627,-4.26104383077406,-4.53464818119132,-4.72423529314703,-4.44424187446479,4.36644334344672
"80",79.76,0.012029128440367,0.00867727272727273,0.00731159090909091,0.0104680608365019,-4.42042420046739,-4.74704800160875,-4.91829439427687,-4.55942648266682,4.37902212565358
"81",80.757,0.0101935779816514,0.00732727272727273,0.00623272727272727,0.0095148288973384,-4.58599736662132,-4.91615190226792,-5.07794127749098,-4.65490376080891,4.39144464565214
"82",81.754,0.00876100917431193,0.00608219696969697,0.0052125,0.00851977186311787,-4.73744417812212,-5.10238930457281,-5.25669569185722,-4.76536571512877,4.40371473824395
"83",82.751,0.00738807339449541,0.0053,0.00449227272727273,0.00631178707224335,-4.90788828240978,-5.24004845842406,-5.40539652995236,-5.06533642980931,4.4158360987763
"84",83.748,0.00615619266055046,0.00457954545454545,0.00383522727272727,0.00541977186311787,-5.09029676710951,-5.38615553151366,-5.56352658314776,-5.21770155609213,4.42781228982301
"85",84.745,0.0050401376146789,0.00386098484848485,0.00320022727272727,0.00453574144486692,-5.29032189277184,-5.55683298595409,-5.74453344897118,-5.395766714872,4.43964674747002
"86",85.742,0.00438463302752294,0.00320340909090909,0.00265522727272727,0.00363916349809886,-5.4296493447962,-5.74353969534028,-5.93122502617134,-5.61600143195804,4.45134278723321
"87",86.739,0.00357683486238532,0.00270984848484848,0.00215227272727273,0.00303307984790875,-5.63327698628331,-5.91086255530354,-6.14123091270837,-5.79817672424282,4.46290360963429
"88",87.736,0.00320825688073395,0.00227840909090909,0.00190386363636364,0.00262243346007605,-5.74202751714195,-6.08427784671372,-6.26386996473468,-5.94365259072266,4.47433230545791
"89",88.733,0.00272178899082569,0.00199128787878788,0.0016375,0.00234106463878327,-5.90646589766008,-6.21897367430305,-6.41458459045487,-6.05714947924274,4.48563186071184
"90",89.73,0.0021197247706422,0.00158295454545455,0.00129113636363636,0.00170836501901141,-6.15646902389501,-6.44846221267458,-6.65223254633136,-6.37221849508379,4.49680516130997
"91",90.727,0.00178990825688073,0.00133598484848485,0.00110613636363636,0.00161558935361217,-6.32559091358222,-6.61808654488645,-6.80688208905504,-6.42805546403914,4.50785499749655
"92",91.724,0.00146766055045872,0.00107727272727273,0.000888863636363636,0.00127718631178707,-6.52408560818576,-6.83332268419937,-7.02556672413298,-6.66309581454165,4.51878406802874
"93",92.721,0.00124403669724771,0.000933333333333333,0.000766590909090909,0.00113916349809886,-6.68939378570499,-6.97674815046909,-7.17355726382684,-6.77746105951684,4.52959498413296
"94",93.718,0.00104839449541284,0.00080530303030303,0.000654772727272727,0.000880228136882129,-6.86049533699347,-7.12429191622061,-7.33122236380396,-7.03532943763361,4.54029027324971
"95",94.715,0.000888302752293578,0.00066780303030303,0.000547954545454545,0.000713307984790875,-7.02619793581046,-7.31151729272463,-7.50931822070732,-7.24559727458778,4.55087238258024
"96",95.712,0.000760779816513761,0.000565530303030303,0.000462954545454545,0.000606463878326996,-7.18116657637816,-7.47774667758331,-7.67788168266168,-7.407865388935,4.56134368244754
"97",96.709,0.000610321100917431,0.000452651515151515,0.000376363636363636,0.000486692015209125,-7.40152534434753,-7.70038801075689,-7.88495476394328,-7.62787904724028,4.57170646948308
"98",97.706,0.000521330275229358,0.000401136363636364,0.000326136363636364,0.000422433460076046,-7.55912679147267,-7.82120912952109,-8.02819497069477,-7.76947861451432,4.58196296965027
"99",98.703,0.000443348623853211,0.000323484848484848,0.000272272727272727,0.000390494296577947,-7.72115413611689,-8.03635828133393,-8.20870632021309,-7.84809719422539,4.59211534111429
"100",99.7,0.00037545871559633,0.00028219696969697,0.000237954545454545,0.000323574144486692,-7.88736203795408,-8.17290525674294,-8.34343088801795,-8.03608227558057,4.60216567696779
"101",100.697,0.000320642201834862,0.000246590909090909,0.000209318181818182,0.000281368821292776,-8.04518469253146,-8.30777983291393,-8.47165506263318,-8.17584421795573,4.61211600782096
"102",101.694,0.000277981651376147,0.000204545454545455,0.000176363636363636,0.000239923954372624,-8.18795544869596,-8.49472033556418,-8.64296257870527,-8.33518854161273,4.62196830426397
"103",102.691,0.000232110091743119,0.00016969696969697,0.000148863636363636,0.000190494296577947,-8.36829876547781,-8.68149624270751,-8.81247986325324,-8.56588830306908,4.63172447920934
"104",103.688,0.000202064220183486,0.000150757575757576,0.000127045454545455,0.000170342205323194,-8.50692498938904,-8.79983746983806,-8.97096562573339,-8.67770117173896,4.64138639012107
"105",104.685,0.00016651376146789,0.000121212121212121,0.000102272727272727,0.000140684410646388,-8.70043260050042,-9.01796847932873,-9.18786751612412,-8.86899139851568,4.65095584113722
"106",105.682,0.000140596330275229,9.81060606060606e-05,8.65909090909091e-05,0.000115209125475285,-8.86961767938901,-9.22946141342296,-9.35431572376179,-9.06876159864458,4.66043458509177
"107",106.679,0.000119495412844037,8.21969696969697e-05,6.81818181818182e-05,9.23954372623574e-05,-9.03223257357185,-9.40639212158204,-9.59333262423229,-9.2894329608134,4.66982432544161
"108",107.676,9.88532110091743e-05,6.85606060606061e-05,5.81818181818182e-05,8.17490494296578e-05,-9.22187452522147,-9.58779244385667,-9.75193765440893,-9.41185637602628,4.67912671810392
"109",108.673,8.0045871559633e-05,5.22727272727273e-05,4.59090909090909e-05,6.69201520912548e-05,-9.43291069312279,-9.85903578996529,-9.98884740148728,-9.6120104091158,4.68834337320884
"110",109.67,6.65137614678899e-05,3.97727272727273e-05,3.75e-05,5.47528517110266e-05,-9.6181016923447,-10.132329124965,-10.1911696249879,-9.81268110457795,4.69747585677212
"111",110.667,5.36697247706422e-05,3.59848484848485e-05,2.86363636363636e-05,3.76425855513308e-05,-9.83266149996752,-10.232412583522,-10.460833191937,-10.1873745540194,4.70652569229204
"112",111.664,4.22018348623853e-05,2.76515151515152e-05,2.06818181818182e-05,2.66159695817491e-05,-10.0730468577162,-10.4958300339741,-10.7862555923716,-10.5339991621046,4.7154943622748
"113",112.661,3.53211009174312e-05,2.15909090909091e-05,1.63636363636364e-05,2.54752851711027e-05,-10.2510300129116,-10.7432382072879,-11.0204489798724,-10.577801784763,4.72438330969204
"114",113.658,3.21100917431193e-05,1.89393939393939e-05,1.43181818181818e-05,2.28136882129278e-05,-10.3463401927159,-10.8742664696944,-11.153980372497,-10.6881498419318,4.7331939393742
"115",114.655,2.79816513761468e-05,1.59090909090909e-05,1.11363636363636e-05,2.16730038022814e-05,-10.483961570592,-11.0486198568391,-11.4052948007779,-10.7394431363194,4.74192761934295
"116",115.652,2.45412844036697e-05,1.32575757575758e-05,9.31818181818182e-06,1.97718631178707e-05,-10.6151537808633,-11.2309414136331,-11.5835430321842,-10.8312506855725,4.75058568208607
"117",116.649,1.9954128440367e-05,1.17424242424242e-05,7.72727272727273e-06,1.40684410646388e-05,-10.8220744966706,-11.3523022706374,-11.7707545742723,-11.1715764915097,4.75916942577746
"118",117.646,1.46788990825688e-05,8.33333333333333e-06,2.72727272727273e-06,9.1254752851711e-06,-11.1290995319655,-11.6952470217642,-12.8122084491005,-11.604440573806,4.76768011544537
"119",118.643,1.44495412844037e-05,6.81818181818182e-06,4.09090909090909e-06,1.1787072243346e-05,-11.1448478889337,-11.8959177172263,-12.4067433409923,-11.3485071996688,4.77611898409123
"120",119.64,1.19266055045872e-05,5.3030303030303e-06,2.27272727272727e-06,7.60456273764259e-06,-11.3367388967438,-12.1472321455072,-12.9945300058944,-11.7867621306,4.78448723376175
"121",120.637,9.86238532110092e-06,3.40909090909091e-06,1.81818181818182e-06,5.32319391634981e-06,-11.5267824996317,-12.5890648977863,-13.2176735572087,-12.1434370745387,4.79278603657644
"122",121.634,1.21559633027523e-05,4.92424242424242e-06,3.18181818181818e-06,2.69961977186312e-05,-11.3176907017731,-12.221340117661,-12.6580577692732,-10.5198145271126,4.80101653571296
"123",122.631,4.10550458715596e-05,2.38636363636364e-05,2.5e-05,0.000132319391634981,-10.1005968094845,-10.643154748731,-10.5966347330961,-8.93029192437947,4.80917984635212
"124",123.628,0.000194724770642202,0.000157575757575758,0.000148863636363636,0.00076615969581749,-8.54392342901387,-8.75560421486124,-8.81247986325324,-7.17411992977316,4.81727705658474
"125",124.625,9.86238532110092e-06,5.3030303030303e-06,3.63636363636364e-06,2.28136882129278e-05,-11.5267824996317,-12.1472321455072,-12.5245263766487,-10.6881498419318,4.825309228282
"126",125.622,8.94495412844037e-06,4.16666666666667e-06,2.27272727272727e-06,1.59695817490494e-05,-11.6244209691956,-12.3883942023241,-12.9945300058944,-11.0448247858706,4.83327739793118
"127",126.619,5.5045871559633e-06,1.51515151515152e-06,6.81818181818182e-07,4.56273764258555e-06,-12.1099287849773,-13.3999951140026,-14.1985028102204,-12.2975877543659,4.84118257743829
"128",127.616,5.27522935779817e-06,1.13636363636364e-06,6.81818181818182e-07,2.6615969581749e-06,-12.1524883993961,-13.6876771864544,-14.1985028102204,-12.8365842550986,4.84902575489932
"129",128.613,4.81651376146789e-06,3.78787878787879e-07,2.27272727272727e-07,1.52091254752852e-06,-12.2434601776018,-14.7862894751225,-15.2971150988885,-13.3962000430341,4.85680789534137
"130",129.61,4.12844036697248e-06,0,4.54545454545455e-07,1.52091254752852e-06,-12.3976108574291,-Inf,-14.6039679183285,-13.3962000430341,4.86452994143528
"131",130.607,3.89908256880734e-06,0,2.27272727272727e-07,1.52091254752852e-06,-12.454769271269,-Inf,-15.2971150988885,-13.3962000430341,4.87219281418085
"132",131.604,3.44036697247706e-06,0,2.27272727272727e-07,2.28136882129278e-06,-12.579932414223,-Inf,-15.2971150988885,-12.9907349349259,4.87979741356607
"133",132.601,3.44036697247706e-06,0,2.27272727272727e-07,1.52091254752852e-06,-12.579932414223,-Inf,-15.2971150988885,-13.3962000430341,4.88734461920146
"134",133.598,3.21100917431193e-06,0,0,1.52091254752852e-06,-12.64892528571,-Inf,-Inf,-13.3962000430341,4.89483529093061
"135",134.595,2.75229357798165e-06,0,0,1.52091254752852e-06,-12.8030759655372,-Inf,-Inf,-13.3962000430341,4.90227026941813
"136",135.592,2.52293577981651e-06,0,0,1.52091254752852e-06,-12.8900873425268,-Inf,-Inf,-13.3962000430341,4.90965037671575
"137",136.589,2.29357798165138e-06,0,0,1.52091254752852e-06,-12.9853975223312,-Inf,-Inf,-13.3962000430341,4.91697641680783
"138",137.586,2.06422018348624e-06,0,0,1.14068441064639e-06,-13.090758037989,-Inf,-Inf,-13.6838821154858,4.92424917613691
"139",138.583,1.60550458715596e-06,0,0,1.14068441064639e-06,-13.3420724662699,-Inf,-Inf,-13.6838821154858,4.93146942411039
"140",139.58,1.60550458715596e-06,0,0,1.14068441064639e-06,-13.3420724662699,-Inf,-Inf,-13.6838821154858,4.93863791358901
"141",140.577,9.1743119266055e-07,0,0,3.80228136882129e-07,-13.9016882542053,-Inf,-Inf,-14.7824944041539,4.94575538135787
"142",141.574,4.58715596330275e-07,0,0,1.14068441064639e-06,-14.5948354347653,-Inf,-Inf,-13.6838821154858,4.95282254858096
"143",142.571,4.58715596330275e-07,0,0,3.80228136882129e-07,-14.5948354347653,-Inf,-Inf,-14.7824944041539,4.95984012123961
"144",143.568,4.58715596330275e-07,0,0,0,-14.5948354347653,-Inf,-Inf,-Inf,4.9668087905557
"145",144.565,4.58715596330275e-07,0,0,0,-14.5948354347653,-Inf,-Inf,-Inf,4.97372923340028
"146",145.562,4.58715596330275e-07,0,0,0,-14.5948354347653,-Inf,-Inf,-Inf,4.98060211268804
"147",146.559,2.29357798165138e-07,0,0,0,-15.2879826153252,-Inf,-Inf,-Inf,4.98742807775844
"148",147.556,2.29357798165138e-07,0,0,0,-15.2879826153252,-Inf,-Inf,-Inf,4.99420776474382
"149",148.553,2.29357798165138e-07,0,0,0,-15.2879826153252,-Inf,-Inf,-Inf,5.00094179692516
"150",149.55,2.29357798165138e-07,0,0,0,-15.2879826153252,-Inf,-Inf,-Inf,5.00763078507596
"151",150.547,2.29357798165138e-07,0,0,0,-15.2879826153252,-Inf,-Inf,-Inf,5.01427532779463
"152",151.544,2.29357798165138e-07,0,0,0,-15.2879826153252,-Inf,-Inf,-Inf,5.02087601182598
"153",152.541,2.29357798165138e-07,0,0,0,-15.2879826153252,-Inf,-Inf,-Inf,5.02743341237214
"154",153.538,2.29357798165138e-07,0,0,0,-15.2879826153252,-Inf,-Inf,-Inf,5.03394809339333
"155",154.535,4.58715596330275e-07,0,0,0,-14.5948354347653,-Inf,-Inf,-Inf,5.04042060789895
"156",155.532,4.58715596330275e-07,0,0,0,-14.5948354347653,-Inf,-Inf,-Inf,5.04685149822924
"157",156.529,4.58715596330275e-07,0,0,0,-14.5948354347653,-Inf,-Inf,-Inf,5.05324129632801
"158",157.526,4.58715596330275e-07,0,0,0,-14.5948354347653,-Inf,-Inf,-Inf,5.05959052400667
"159",158.523,4.58715596330275e-07,0,0,0,-14.5948354347653,-Inf,-Inf,-Inf,5.06589969319993
"160",159.52,4.58715596330275e-07,0,0,0,-14.5948354347653,-Inf,-Inf,-Inf,5.07216930621353
"161",160.517,4.58715596330275e-07,0,0,0,-14.5948354347653,-Inf,-Inf,-Inf,5.07839985596416
"162",161.514,4.58715596330275e-07,0,0,0,-14.5948354347653,-Inf,-Inf,-Inf,5.08459182621209
"163",162.511,6.88073394495413e-07,0,0,0,-14.1893703266571,-Inf,-Inf,-Inf,5.09074569178646
"164",163.508,9.1743119266055e-07,0,0,0,-13.9016882542053,-Inf,-Inf,-Inf,5.0968619188039
"165",164.505,9.1743119266055e-07,0,0,0,-13.9016882542053,-Inf,-Inf,-Inf,5.10294096488028
"166",165.502,1.14678899082569e-06,0,0,3.80228136882129e-07,-13.6785447028911,-Inf,-Inf,-14.7824944041539,5.10898327933624
"167",166.499,1.14678899082569e-06,0,0,3.80228136882129e-07,-13.6785447028911,-Inf,-Inf,-14.7824944041539,5.11498930339646
"168",167.496,1.37614678899083e-06,0,0,3.80228136882129e-07,-13.4962231460972,-Inf,-Inf,-14.7824944041539,5.12095947038296
"169",168.493,1.14678899082569e-06,0,0,3.80228136882129e-07,-13.6785447028911,-Inf,-Inf,-14.7824944041539,5.12689420590277
"170",169.49,1.37614678899083e-06,0,0,3.80228136882129e-07,-13.4962231460972,-Inf,-Inf,-14.7824944041539,5.13279392802996
"171",170.487,1.60550458715596e-06,0,0,3.80228136882129e-07,-13.3420724662699,-Inf,-Inf,-14.7824944041539,5.13865904748236
"172",171.484,1.14678899082569e-06,0,0,3.80228136882129e-07,-13.6785447028911,-Inf,-Inf,-14.7824944041539,5.14448996779315
"173",172.481,1.14678899082569e-06,0,0,3.80228136882129e-07,-13.6785447028911,-Inf,-Inf,-14.7824944041539,5.15028708547748
"174",173.478,1.14678899082569e-06,0,0,3.80228136882129e-07,-13.6785447028911,-Inf,-Inf,-14.7824944041539,5.15605079019423
"175",174.475,1.14678899082569e-06,0,0,3.80228136882129e-07,-13.6785447028911,-Inf,-Inf,-14.7824944041539,5.16178146490321
"176",175.472,9.1743119266055e-07,0,0,0,-13.9016882542053,-Inf,-Inf,-Inf,5.16747948601785
"177",176.469,9.1743119266055e-07,0,0,0,-13.9016882542053,-Inf,-Inf,-Inf,5.17314522355353
"178",177.466,9.1743119266055e-07,0,0,0,-13.9016882542053,-Inf,-Inf,-Inf,5.17877904127179
"179",178.463,6.88073394495413e-07,0,0,0,-14.1893703266571,-Inf,-Inf,-Inf,5.18438129682046
"180",179.46,4.58715596330275e-07,0,0,0,-14.5948354347653,-Inf,-Inf,-Inf,5.18995234186991
"181",180.457,4.58715596330275e-07,0,0,0,-14.5948354347653,-Inf,-Inf,-Inf,5.19549252224553
"182",181.454,4.58715596330275e-07,0,0,0,-14.5948354347653,-Inf,-Inf,-Inf,5.2010021780565
"183",182.451,4.58715596330275e-07,0,0,0,-14.5948354347653,-Inf,-Inf,-Inf,5.20648164382112
"184",183.448,4.58715596330275e-07,0,0,0,-14.5948354347653,-Inf,-Inf,-Inf,5.21193124858869
"185",184.445,4.58715596330275e-07,0,0,0,-14.5948354347653,-Inf,-Inf,-Inf,5.21735131605803
"186",185.442,2.29357798165138e-07,0,0,0,-15.2879826153252,-Inf,-Inf,-Inf,5.2227421646929
"187",186.439,0,0,0,0,-Inf,-Inf,-Inf,-Inf,5.22810410783429
"188",187.436,0,0,0,0,-Inf,-Inf,-Inf,-Inf,5.23343745380965
"189",188.433,0,0,0,0,-Inf,-Inf,-Inf,-Inf,5.23874250603934
"190",189.43,0,0,0,0,-Inf,-Inf,-Inf,-Inf,5.24401956314019
"191",190.427,0,0,0,0,-Inf,-Inf,-Inf,-Inf,5.24926891902633
"192",191.424,0,0,0,0,-Inf,-Inf,-Inf,-Inf,5.25449086300748
"193",192.421,0,0,0,0,-Inf,-Inf,-Inf,-Inf,5.25968567988459
"194",193.418,0,0,0,0,-Inf,-Inf,-Inf,-Inf,5.26485365004303
"195",194.415,0,0,0,0,-Inf,-Inf,-Inf,-Inf,5.26999504954345
"196",195.412,0,0,0,0,-Inf,-Inf,-Inf,-Inf,5.27511015021022
"197",196.409,0,0,0,0,-Inf,-Inf,-Inf,-Inf,5.28019921971769
"198",197.406,0,0,0,0,-Inf,-Inf,-Inf,-Inf,5.28526252167424
"199",198.403,0,0,0,0,-Inf,-Inf,-Inf,-Inf,5.29030031570419
"200",199.4,2.29357798165138e-07,0,0,0,-15.2879826153252,-Inf,-Inf,-Inf,5.29531285752774
"201",200.397,2.29357798165138e-07,0,0,0,-15.2879826153252,-Inf,-Inf,-Inf,5.30030039903878
"202",201.394,2.29357798165138e-07,0,0,0,-15.2879826153252,-Inf,-Inf,-Inf,5.30526318838091
"203",202.391,2.29357798165138e-07,0,0,0,-15.2879826153252,-Inf,-Inf,-Inf,5.31020147002149
"204",203.388,4.58715596330275e-07,0,0,0,-14.5948354347653,-Inf,-Inf,-Inf,5.31511548482392
"205",204.385,4.58715596330275e-07,0,0,0,-14.5948354347653,-Inf,-Inf,-Inf,5.32000547011811
"206",205.382,4.58715596330275e-07,0,0,0,-14.5948354347653,-Inf,-Inf,-Inf,5.32487165976928
"207",206.379,4.58715596330275e-07,0,0,0,-14.5948354347653,-Inf,-Inf,-Inf,5.32971428424507
"208",207.376,4.58715596330275e-07,0,0,0,-14.5948354347653,-Inf,-Inf,-Inf,5.33453357068102
"209",208.373,4.58715596330275e-07,0,0,0,-14.5948354347653,-Inf,-Inf,-Inf,5.33932974294451
"210",209.37,4.58715596330275e-07,0,0,0,-14.5948354347653,-Inf,-Inf,-Inf,5.34410302169717
"211",210.367,4.58715596330275e-07,0,0,0,-14.5948354347653,-Inf,-Inf,-Inf,5.34885362445577
"212",211.364,4.58715596330275e-07,0,0,0,-14.5948354347653,-Inf,-Inf,-Inf,5.35358176565171
"213",212.361,4.58715596330275e-07,0,0,0,-14.5948354347653,-Inf,-Inf,-Inf,5.35828765668913
"214",213.358,4.58715596330275e-07,0,0,0,-14.5948354347653,-Inf,-Inf,-Inf,5.36297150600155
"215",214.355,4.58715596330275e-07,0,0,0,-14.5948354347653,-Inf,-Inf,-Inf,5.36763351910736
"216",215.352,4.58715596330275e-07,0,0,0,-14.5948354347653,-Inf,-Inf,-Inf,5.37227389866387
"217",216.349,4.58715596330275e-07,0,0,0,-14.5948354347653,-Inf,-Inf,-Inf,5.37689284452016
"218",217.346,4.58715596330275e-07,0,0,0,-14.5948354347653,-Inf,-Inf,-Inf,5.38149055376879
"219",218.343,4.58715596330275e-07,0,0,0,-14.5948354347653,-Inf,-Inf,-Inf,5.3860672207962
"220",219.34,4.58715596330275e-07,0,0,0,-14.5948354347653,-Inf,-Inf,-Inf,5.39062303733206
"221",220.337,4.58715596330275e-07,0,0,0,-14.5948354347653,-Inf,-Inf,-Inf,5.39515819249745
"222",221.334,2.29357798165138e-07,0,0,0,-15.2879826153252,-Inf,-Inf,-Inf,5.39967287285198
"223",222.331,2.29357798165138e-07,0,0,0,-15.2879826153252,-Inf,-Inf,-Inf,5.40416726243982
"224",223.328,2.29357798165138e-07,0,0,0,-15.2879826153252,-Inf,-Inf,-Inf,5.40864154283474
"225",224.325,2.29357798165138e-07,0,0,0,-15.2879826153252,-Inf,-Inf,-Inf,5.41309589318412
"226",225.322,2.29357798165138e-07,0,0,0,-15.2879826153252,-Inf,-Inf,-Inf,5.41753049025199
"227",226.319,2.29357798165138e-07,0,0,0,-15.2879826153252,-Inf,-Inf,-Inf,5.4219455084611
"228",227.316,0,0,0,0,-Inf,-Inf,-Inf,-Inf,5.42634111993414
"229",228.313,0,0,0,0,-Inf,-Inf,-Inf,-Inf,5.43071749453394
"230",229.31,0,0,0,0,-Inf,-Inf,-Inf,-Inf,5.4350747999029
"231",230.307,0,0,0,0,-Inf,-Inf,-Inf,-Inf,5.43941320150149
"232",231.304,0,0,0,0,-Inf,-Inf,-Inf,-Inf,5.44373286264601
"233",232.301,0,0,0,0,-Inf,-Inf,-Inf,-Inf,5.4480339445454
"234",233.298,0,0,0,0,-Inf,-Inf,-Inf,-Inf,5.4523166063374
"235",234.295,0,0,0,0,-Inf,-Inf,-Inf,-Inf,5.45658100512386
"236",235.292,0,0,0,0,-Inf,-Inf,-Inf,-Inf,5.46082729600531
"237",236.289,0,0,0,0,-Inf,-Inf,-Inf,-Inf,5.46505563211483
"238",237.286,0,0,0,0,-Inf,-Inf,-Inf,-Inf,5.46926616465118
"239",238.283,0,0,0,0,-Inf,-Inf,-Inf,-Inf,5.47345904291121
"240",239.28,0,0,0,0,-Inf,-Inf,-Inf,-Inf,5.47763441432169
"241",240.277,0,0,0,0,-Inf,-Inf,-Inf,-Inf,5.48179242447036
"242",241.274,0,0,0,0,-Inf,-Inf,-Inf,-Inf,5.48593321713639
"243",242.271,0,0,0,0,-Inf,-Inf,-Inf,-Inf,5.49005693432025
"244",243.268,0,0,0,0,-Inf,-Inf,-Inf,-Inf,5.4941637162729
"245",244.265,2.29357798165138e-07,0,0,0,-15.2879826153252,-Inf,-Inf,-Inf,5.49825370152443
"246",245.262,2.29357798165138e-07,0,0,0,-15.2879826153252,-Inf,-Inf,-Inf,5.50232702691206
"247",246.259,2.29357798165138e-07,0,0,0,-15.2879826153252,-Inf,-Inf,-Inf,5.50638382760768
"248",247.256,2.29357798165138e-07,0,0,0,-15.2879826153252,-Inf,-Inf,-Inf,5.51042423714468
"249",248.253,2.29357798165138e-07,0,0,0,-15.2879826153252,-Inf,-Inf,-Inf,5.51444838744441
"250",249.25,2.29357798165138e-07,0,0,0,-15.2879826153252,-Inf,-Inf,-Inf,5.51845640884195
"251",250.247,2.29357798165138e-07,0,0,0,-15.2879826153252,-Inf,-Inf,-Inf,5.52244843011148
"252",251.244,2.29357798165138e-07,0,0,0,-15.2879826153252,-Inf,-Inf,-Inf,5.52642457849112
"253",252.241,2.29357798165138e-07,0,0,0,-15.2879826153252,-Inf,-Inf,-Inf,5.53038497970722
"254",253.238,2.29357798165138e-07,0,0,0,-15.2879826153252,-Inf,-Inf,-Inf,5.53432975799824
"255",254.235,2.29357798165138e-07,0,0,0,-15.2879826153252,-Inf,-Inf,-Inf,5.53825903613813
"256",255.232,2.29357798165138e-07,0,0,0,-15.2879826153252,-Inf,-Inf,-Inf,5.54217293545926
"257",256.229,2.29357798165138e-07,0,0,0,-15.2879826153252,-Inf,-Inf,-Inf,5.54607157587492
"258",257.226,2.29357798165138e-07,0,0,0,-15.2879826153252,-Inf,-Inf,-Inf,5.54995507590132
"259",258.223,2.29357798165138e-07,0,0,0,-15.2879826153252,-Inf,-Inf,-Inf,5.55382355267924
"260",259.22,2.29357798165138e-07,0,0,0,-15.2879826153252,-Inf,-Inf,-Inf,5.55767712199523
"261",260.217,2.29357798165138e-07,0,0,0,-15.2879826153252,-Inf,-Inf,-Inf,5.56151589830239
"262",261.214,2.29357798165138e-07,0,0,0,-15.2879826153252,-Inf,-Inf,-Inf,5.5653399947408
"263",262.211,2.29357798165138e-07,0,0,0,-15.2879826153252,-Inf,-Inf,-Inf,5.56914952315747
"264",263.208,2.29357798165138e-07,0,0,0,-15.2879826153252,-Inf,-Inf,-Inf,5.57294459412602
"265",264.205,2.29357798165138e-07,0,0,0,-15.2879826153252,-Inf,-Inf,-Inf,5.57672531696592
"266",265.202,2.29357798165138e-07,0,0,0,-15.2879826153252,-Inf,-Inf,-Inf,5.5804917997614
"267",266.199,2.29357798165138e-07,0,0,0,-15.2879826153252,-Inf,-Inf,-Inf,5.58424414937995
"268",267.196,0,0,0,0,-Inf,-Inf,-Inf,-Inf,5.58798247149056
"269",268.193,0,0,0,0,-Inf,-Inf,-Inf,-Inf,5.59170687058154
"270",269.19,0,0,0,0,-Inf,-Inf,-Inf,-Inf,5.59541744997808
"271",270.187,0,0,0,0,-Inf,-Inf,-Inf,-Inf,5.5991143118594
"272",271.184,0,0,0,0,-Inf,-Inf,-Inf,-Inf,5.6027975572757
"273",272.181,0,0,0,0,-Inf,-Inf,-Inf,-Inf,5.60646728616466
"274",273.178,0,0,0,0,-Inf,-Inf,-Inf,-Inf,5.61012359736777
"275",274.175,0,0,0,0,-Inf,-Inf,-Inf,-Inf,5.61376658864627
"276",275.172,0,0,0,0,-Inf,-Inf,-Inf,-Inf,5.61739635669685
"277",276.169,0,0,0,0,-Inf,-Inf,-Inf,-Inf,5.62101299716704
"278",277.166,0,0,0,0,-Inf,-Inf,-Inf,-Inf,5.62461660467034
"279",278.163,0,0,0,0,-Inf,-Inf,-Inf,-Inf,5.62820727280107
"280",279.16,0,0,0,0,-Inf,-Inf,-Inf,-Inf,5.63178509414895
"281",280.157,0,0,0,0,-Inf,-Inf,-Inf,-Inf,5.63535016031345
"282",281.154,0,0,0,0,-Inf,-Inf,-Inf,-Inf,5.63890256191782
"283",282.151,0,0,0,0,-Inf,-Inf,-Inf,-Inf,5.64244238862294
"284",283.148,0,0,0,0,-Inf,-Inf,-Inf,-Inf,5.64596972914091
"285",284.145,0,0,0,0,-Inf,-Inf,-Inf,-Inf,5.64948467124835
"286",285.142,0,0,0,0,-Inf,-Inf,-Inf,-Inf,5.65298730179955
"287",286.139,0,0,0,0,-Inf,-Inf,-Inf,-Inf,5.65647770673932
"288",287.136,0,0,0,0,-Inf,-Inf,-Inf,-Inf,5.65995597111565
"289",288.133,0,0,0,0,-Inf,-Inf,-Inf,-Inf,5.66342217909213
"290",289.13,2.29357798165138e-07,0,0,0,-15.2879826153252,-Inf,-Inf,-Inf,5.66687641396022
"291",290.127,2.29357798165138e-07,0,0,0,-15.2879826153252,-Inf,-Inf,-Inf,5.67031875815119
"292",291.124,2.29357798165138e-07,0,0,0,-15.2879826153252,-Inf,-Inf,-Inf,5.67374929324798
"293",292.121,2.29357798165138e-07,0,0,0,-15.2879826153252,-Inf,-Inf,-Inf,5.67716809999677
"294",293.118,2.29357798165138e-07,0,0,0,-15.2879826153252,-Inf,-Inf,-Inf,5.68057525831838
"295",294.115,2.29357798165138e-07,0,0,0,-15.2879826153252,-Inf,-Inf,-Inf,5.68397084731952
"296",295.112,2.29357798165138e-07,0,0,0,-15.2879826153252,-Inf,-Inf,-Inf,5.68735494530376
"297",296.109,2.29357798165138e-07,0,0,0,-15.2879826153252,-Inf,-Inf,-Inf,5.6907276297824
"298",297.106,2.29357798165138e-07,0,0,0,-15.2879826153252,-Inf,-Inf,-Inf,5.69408897748511
"299",298.103,2.29357798165138e-07,0,0,0,-15.2879826153252,-Inf,-Inf,-Inf,5.69743906437039
"300",299.1,2.29357798165138e-07,0,0,0,-15.2879826153252,-Inf,-Inf,-Inf,5.7007779656359
"301",300.097,2.29357798165138e-07,0,0,0,-15.2879826153252,-Inf,-Inf,-Inf,5.70410575572858
"302",301.094,2.29357798165138e-07,0,0,0,-15.2879826153252,-Inf,-Inf,-Inf,5.70742250835457
"303",302.091,2.29357798165138e-07,0,0,0,-15.2879826153252,-Inf,-Inf,-Inf,5.71072829648907
"304",303.088,2.29357798165138e-07,0,0,0,-15.2879826153252,-Inf,-Inf,-Inf,5.71402319238592
"305",304.085,2.29357798165138e-07,0,0,0,-15.2879826153252,-Inf,-Inf,-Inf,5.71730726758711
"306",305.082,2.29357798165138e-07,0,0,0,-15.2879826153252,-Inf,-Inf,-Inf,5.72058059293208
"307",306.079,2.29357798165138e-07,0,0,0,-15.2879826153252,-Inf,-Inf,-Inf,5.7238432385669
"308",307.076,2.29357798165138e-07,0,0,0,-15.2879826153252,-Inf,-Inf,-Inf,5.72709527395328
"309",308.073,0,0,0,0,-Inf,-Inf,-Inf,-Inf,5.73033676787745
"310",309.07,0,0,0,0,-Inf,-Inf,-Inf,-Inf,5.73356778845889
"311",310.067,0,0,0,0,-Inf,-Inf,-Inf,-Inf,5.73678840315894
"312",311.064,0,0,0,0,-Inf,-Inf,-Inf,-Inf,5.73999867878918
"313",312.061,0,0,0,0,-Inf,-Inf,-Inf,-Inf,5.74319868151985
"314",313.058,0,0,0,0,-Inf,-Inf,-Inf,-Inf,5.74638847688795
"315",314.055,0,0,0,0,-Inf,-Inf,-Inf,-Inf,5.74956812980533
"316",315.052,0,0,0,0,-Inf,-Inf,-Inf,-Inf,5.75273770456661
"317",316.049,0,0,0,0,-Inf,-Inf,-Inf,-Inf,5.75589726485698
"318",317.046,0,0,0,0,-Inf,-Inf,-Inf,-Inf,5.75904687375988
"319",318.043,0,0,0,0,-Inf,-Inf,-Inf,-Inf,5.76218659376455
"320",319.04,0,0,0,0,-Inf,-Inf,-Inf,-Inf,5.76531648677347
"321",320.037,0,0,0,0,-Inf,-Inf,-Inf,-Inf,5.76843661410972
"322",321.034,0,0,0,0,-Inf,-Inf,-Inf,-Inf,5.77154703652411
"323",322.031,0,0,0,0,-Inf,-Inf,-Inf,-Inf,5.77464781420236
"324",323.028,0,0,0,0,-Inf,-Inf,-Inf,-Inf,5.77773900677203
"325",324.025,0,0,0,0,-Inf,-Inf,-Inf,-Inf,5.78082067330944
"326",325.022,0,0,0,0,-Inf,-Inf,-Inf,-Inf,5.78389287234641
"327",326.019,0,0,0,0,-Inf,-Inf,-Inf,-Inf,5.78695566187695
"328",327.016,0,0,0,0,-Inf,-Inf,-Inf,-Inf,5.79000909936384
"329",328.013,0,0,0,0,-Inf,-Inf,-Inf,-Inf,5.79305324174507
"330",329.01,0,0,0,0,-Inf,-Inf,-Inf,-Inf,5.79608814544023
"331",330.007,0,0,0,0,-Inf,-Inf,-Inf,-Inf,5.79911386635676
"332",331.004,0,0,0,0,-Inf,-Inf,-Inf,-Inf,5.80213045989619
"333",332.001,0,0,0,0,-Inf,-Inf,-Inf,-Inf,5.80513798096015
"334",332.998,0,0,0,0,-Inf,-Inf,-Inf,-Inf,5.8081364839564
"335",333.995,2.29357798165138e-07,0,0,0,-15.2879826153252,-Inf,-Inf,-Inf,5.81112602280477
"336",334.992,2.29357798165138e-07,0,0,0,-15.2879826153252,-Inf,-Inf,-Inf,5.81410665094291
"337",335.989,2.29357798165138e-07,0,0,0,-15.2879826153252,-Inf,-Inf,-Inf,5.81707842133206
"338",336.986,2.29357798165138e-07,0,0,0,-15.2879826153252,-Inf,-Inf,-Inf,5.82004138646272
"339",337.983,2.29357798165138e-07,0,0,0,-15.2879826153252,-Inf,-Inf,-Inf,5.82299559836015
"340",338.98,2.29357798165138e-07,0,0,0,-15.2879826153252,-Inf,-Inf,-Inf,5.82594110858991
"341",339.977,2.29357798165138e-07,0,0,0,-15.2879826153252,-Inf,-Inf,-Inf,5.82887796826322
"342",340.974,2.29357798165138e-07,0,0,0,-15.2879826153252,-Inf,-Inf,-Inf,5.83180622804231
"343",341.971,2.29357798165138e-07,0,0,0,-15.2879826153252,-Inf,-Inf,-Inf,5.83472593814564
"344",342.968,2.29357798165138e-07,0,0,0,-15.2879826153252,-Inf,-Inf,-Inf,5.8376371483531
"345",343.965,2.29357798165138e-07,0,0,0,-15.2879826153252,-Inf,-Inf,-Inf,5.84053990801106
"346",344.962,2.29357798165138e-07,0,0,0,-15.2879826153252,-Inf,-Inf,-Inf,5.84343426603743
"347",345.959,2.29357798165138e-07,0,0,0,-15.2879826153252,-Inf,-Inf,-Inf,5.84632027092656
"348",346.956,2.29357798165138e-07,0,0,0,-15.2879826153252,-Inf,-Inf,-Inf,5.84919797075418
"349",347.953,2.29357798165138e-07,0,0,0,-15.2879826153252,-Inf,-Inf,-Inf,5.85206741318213
"350",348.95,0,0,0,0,-Inf,-Inf,-Inf,-Inf,5.85492864546316
"351",349.947,0,0,0,0,-Inf,-Inf,-Inf,-Inf,5.85778171444557
"352",350.944,0,0,0,0,-Inf,-Inf,-Inf,-Inf,5.8606266665778
"353",351.941,0,0,0,0,-Inf,-Inf,-Inf,-Inf,5.863463547913
"354",352.938,0,0,0,0,-Inf,-Inf,-Inf,-Inf,5.86629240411348
"355",353.935,0,0,0,0,-Inf,-Inf,-Inf,-Inf,5.86911328045512
"356",354.932,0,0,0,0,-Inf,-Inf,-Inf,-Inf,5.87192622183173
"357",355.929,0,0,0,0,-Inf,-Inf,-Inf,-Inf,5.87473127275934
"358",356.926,0,0,0,0,-Inf,-Inf,-Inf,-Inf,5.8775284773804
"359",357.923,0,0,0,0,-Inf,-Inf,-Inf,-Inf,5.88031787946798
"360",358.92,0,0,0,0,-Inf,-Inf,-Inf,-Inf,5.88309952242986
"361",359.917,0,0,0,0,-Inf,-Inf,-Inf,-Inf,5.88587344931258
"362",360.914,0,0,0,0,-Inf,-Inf,-Inf,-Inf,5.88863970280547
"363",361.911,0,0,0,0,-Inf,-Inf,-Inf,-Inf,5.89139832524455
"364",362.908,0,0,0,0,-Inf,-Inf,-Inf,-Inf,5.89414935861644
"365",363.905,0,0,0,0,-Inf,-Inf,-Inf,-Inf,5.89689284456219
"366",364.902,0,0,0,0,-Inf,-Inf,-Inf,-Inf,5.89962882438107
"367",365.899,0,0,0,0,-Inf,-Inf,-Inf,-Inf,5.90235733903427
"368",366.896,0,0,0,0,-Inf,-Inf,-Inf,-Inf,5.90507842914863
"369",367.893,0,0,0,0,-Inf,-Inf,-Inf,-Inf,5.90779213502023
"370",368.89,0,0,0,0,-Inf,-Inf,-Inf,-Inf,5.91049849661797
"371",369.887,0,0,0,0,-Inf,-Inf,-Inf,-Inf,5.91319755358714
"372",370.884,0,0,0,0,-Inf,-Inf,-Inf,-Inf,5.91588934525285
"373",371.881,0,0,0,0,-Inf,-Inf,-Inf,-Inf,5.91857391062352
"374",372.878,0,0,0,0,-Inf,-Inf,-Inf,-Inf,5.92125128839423
"375",373.875,0,0,0,0,-Inf,-Inf,-Inf,-Inf,5.92392151695011
"376",374.872,0,0,0,0,-Inf,-Inf,-Inf,-Inf,5.9265846343696
"377",375.869,0,0,0,0,-Inf,-Inf,-Inf,-Inf,5.92924067842771
"378",376.866,0,0,0,0,-Inf,-Inf,-Inf,-Inf,5.93188968659929
"379",377.863,0,0,0,0,-Inf,-Inf,-Inf,-Inf,5.93453169606213
"380",378.86,2.29357798165138e-07,0,0,0,-15.2879826153252,-Inf,-Inf,-Inf,5.93716674370013
"381",379.857,2.29357798165138e-07,0,0,0,-15.2879826153252,-Inf,-Inf,-Inf,5.9397948661064
"382",380.854,2.29357798165138e-07,0,0,0,-15.2879826153252,-Inf,-Inf,-Inf,5.94241609958628
"383",381.851,2.29357798165138e-07,0,0,0,-15.2879826153252,-Inf,-Inf,-Inf,5.94503048016035
"384",382.848,2.29357798165138e-07,0,0,0,-15.2879826153252,-Inf,-Inf,-Inf,5.94763804356743
"385",383.845,2.29357798165138e-07,0,0,0,-15.2879826153252,-Inf,-Inf,-Inf,5.95023882526749
"386",384.842,2.29357798165138e-07,0,0,0,-15.2879826153252,-Inf,-Inf,-Inf,5.95283286044453
"387",385.839,2.29357798165138e-07,0,0,0,-15.2879826153252,-Inf,-Inf,-Inf,5.95542018400948
"388",386.836,2.29357798165138e-07,0,0,0,-15.2879826153252,-Inf,-Inf,-Inf,5.95800083060298
"389",387.833,2.29357798165138e-07,0,0,0,-15.2879826153252,-Inf,-Inf,-Inf,5.96057483459815
"390",388.83,2.29357798165138e-07,0,0,0,-15.2879826153252,-Inf,-Inf,-Inf,5.96314223010339
"391",389.827,0,0,0,0,-Inf,-Inf,-Inf,-Inf,5.96570305096507
"392",390.824,0,0,0,0,-Inf,-Inf,-Inf,-Inf,5.96825733077016
"393",391.821,0,0,0,0,-Inf,-Inf,-Inf,-Inf,5.97080510284896
"394",392.818,0,0,0,0,-Inf,-Inf,-Inf,-Inf,5.97334640027764
"395",393.815,0,0,0,0,-Inf,-Inf,-Inf,-Inf,5.97588125588082
"396",394.812,0,0,0,0,-Inf,-Inf,-Inf,-Inf,5.97840970223418
"397",395.809,0,0,0,0,-Inf,-Inf,-Inf,-Inf,5.98093177166689
"398",396.806,0,0,0,0,-Inf,-Inf,-Inf,-Inf,5.98344749626414
"399",397.803,0,0,0,0,-Inf,-Inf,-Inf,-Inf,5.98595690786957
"400",398.8,0,0,0,0,-Inf,-Inf,-Inf,-Inf,5.98846003808768
"401",399.797,0,0,0,0,-Inf,-Inf,-Inf,-Inf,5.99095691828627
"402",400.794,0,0,0,0,-Inf,-Inf,-Inf,-Inf,5.99344757959872
"403",401.791,0,0,0,0,-Inf,-Inf,-Inf,-Inf,5.99593205292638
"404",402.788,0,0,0,0,-Inf,-Inf,-Inf,-Inf,5.99841036894085
"405",403.785,0,0,0,0,-Inf,-Inf,-Inf,-Inf,6.00088255808624
"406",404.782,0,0,0,0,-Inf,-Inf,-Inf,-Inf,6.00334865058143
"407",405.779,0,0,0,0,-Inf,-Inf,-Inf,-Inf,6.0058086764223
"408",406.776,0,0,0,0,-Inf,-Inf,-Inf,-Inf,6.00826266538386
"409",407.773,0,0,0,0,-Inf,-Inf,-Inf,-Inf,6.0107106470225
"410",408.77,0,0,0,0,-Inf,-Inf,-Inf,-Inf,6.01315265067805
"411",409.767,0,0,0,0,-Inf,-Inf,-Inf,-Inf,6.01558870547594
"412",410.764,0,0,0,0,-Inf,-Inf,-Inf,-Inf,6.01801884032923
"413",411.761,0,0,0,0,-Inf,-Inf,-Inf,-Inf,6.02044308394073
"414",412.758,0,0,0,0,-Inf,-Inf,-Inf,-Inf,6.02286146480502
"415",413.755,0,0,0,0,-Inf,-Inf,-Inf,-Inf,6.0252740112104
"416",414.752,0,0,0,0,-Inf,-Inf,-Inf,-Inf,6.02768075124096
"417",415.749,0,0,0,0,-Inf,-Inf,-Inf,-Inf,6.0300817127785
"418",416.746,0,0,0,0,-Inf,-Inf,-Inf,-Inf,6.03247692350446
"419",417.743,0,0,0,0,-Inf,-Inf,-Inf,-Inf,6.03486641090184
"420",418.74,0,0,0,0,-Inf,-Inf,-Inf,-Inf,6.03725020225712
"421",419.737,0,0,0,0,-Inf,-Inf,-Inf,-Inf,6.03962832466208
"422",420.734,0,0,0,0,-Inf,-Inf,-Inf,-Inf,6.04200080501571
"423",421.731,0,0,0,0,-Inf,-Inf,-Inf,-Inf,6.04436767002598
"424",422.728,2.29357798165138e-07,0,0,0,-15.2879826153252,-Inf,-Inf,-Inf,6.04672894621166
"425",423.725,2.29357798165138e-07,0,0,0,-15.2879826153252,-Inf,-Inf,-Inf,6.04908465990412
"426",424.722,2.29357798165138e-07,0,0,0,-15.2879826153252,-Inf,-Inf,-Inf,6.05143483724907
"427",425.719,2.29357798165138e-07,0,0,0,-15.2879826153252,-Inf,-Inf,-Inf,6.05377950420833
"428",426.716,2.29357798165138e-07,0,0,0,-15.2879826153252,-Inf,-Inf,-Inf,6.0561186865615
"429",427.713,2.29357798165138e-07,0,0,0,-15.2879826153252,-Inf,-Inf,-Inf,6.05845240990772
"430",428.71,2.29357798165138e-07,0,0,0,-15.2879826153252,-Inf,-Inf,-Inf,6.06078069966731
"431",429.707,2.29357798165138e-07,0,0,0,-15.2879826153252,-Inf,-Inf,-Inf,6.06310358108345
"432",430.704,0,0,0,0,-Inf,-Inf,-Inf,-Inf,6.06542107922381
"433",431.701,0,0,0,0,-Inf,-Inf,-Inf,-Inf,6.06773321898219
"434",432.698,0,0,0,0,-Inf,-Inf,-Inf,-Inf,6.07004002508011
"435",433.695,0,0,0,0,-Inf,-Inf,-Inf,-Inf,6.07234152206839
"436",434.692,0,0,0,0,-Inf,-Inf,-Inf,-Inf,6.07463773432874
"437",435.689,0,0,0,0,-Inf,-Inf,-Inf,-Inf,6.07692868607529
"438",436.686,0,0,0,0,-Inf,-Inf,-Inf,-Inf,6.07921440135615
"439",437.683,0,0,0,0,-Inf,-Inf,-Inf,-Inf,6.08149490405487
"440",438.68,0,0,0,0,-Inf,-Inf,-Inf,-Inf,6.08377021789201
"441",439.677,0,0,0,0,-Inf,-Inf,-Inf,-Inf,6.08604036642655
"442",440.674,0,0,0,0,-Inf,-Inf,-Inf,-Inf,6.0883053730574
"443",441.671,0,0,0,0,-Inf,-Inf,-Inf,-Inf,6.09056526102484
"444",442.668,0,0,0,0,-Inf,-Inf,-Inf,-Inf,6.09282005341193
"445",443.665,0,0,0,0,-Inf,-Inf,-Inf,-Inf,6.09506977314594
"446",444.662,0,0,0,0,-Inf,-Inf,-Inf,-Inf,6.09731444299977
"447",445.659,0,0,0,0,-Inf,-Inf,-Inf,-Inf,6.09955408559327
"448",446.656,0,0,0,0,-Inf,-Inf,-Inf,-Inf,6.10178872339469
"449",447.653,0,0,0,0,-Inf,-Inf,-Inf,-Inf,6.10401837872196
"450",448.65,0,0,0,0,-Inf,-Inf,-Inf,-Inf,6.10624307374407
"451",449.647,0,0,0,0,-Inf,-Inf,-Inf,-Inf,6.10846283048238
"452",450.644,0,0,0,0,-Inf,-Inf,-Inf,-Inf,6.11067767081193
"453",451.641,0,0,0,0,-Inf,-Inf,-Inf,-Inf,6.11288761646274
"454",452.638,0,0,0,0,-Inf,-Inf,-Inf,-Inf,6.11509268902105
"455",453.635,0,0,0,0,-Inf,-Inf,-Inf,-Inf,6.11729290993065
"456",454.632,0,0,0,0,-Inf,-Inf,-Inf,-Inf,6.11948830049409
"457",455.629,0,0,0,0,-Inf,-Inf,-Inf,-Inf,6.12167888187391
"458",456.626,0,0,0,0,-Inf,-Inf,-Inf,-Inf,6.12386467509389
"459",457.623,0,0,0,0,-Inf,-Inf,-Inf,-Inf,6.12604570104025
"460",458.62,0,0,0,0,-Inf,-Inf,-Inf,-Inf,6.12822198046284
"461",459.617,0,0,0,0,-Inf,-Inf,-Inf,-Inf,6.13039353397635
"462",460.614,0,0,0,0,-Inf,-Inf,-Inf,-Inf,6.13256038206144
"463",461.611,0,0,0,0,-Inf,-Inf,-Inf,-Inf,6.13472254506594
"464",462.608,0,0,0,0,-Inf,-Inf,-Inf,-Inf,6.13688004320596
"465",463.605,0,0,0,0,-Inf,-Inf,-Inf,-Inf,6.13903289656706
"466",464.602,0,0,0,0,-Inf,-Inf,-Inf,-Inf,6.14118112510535
"467",465.599,0,0,0,0,-Inf,-Inf,-Inf,-Inf,6.1433247486486
"468",466.596,0,0,0,0,-Inf,-Inf,-Inf,-Inf,6.14546378689735
"469",467.593,0,0,0,0,-Inf,-Inf,-Inf,-Inf,6.14759825942598
"470",468.59,2.29357798165138e-07,0,0,0,-15.2879826153252,-Inf,-Inf,-Inf,6.14972818568381
"471",469.587,2.29357798165138e-07,0,0,0,-15.2879826153252,-Inf,-Inf,-Inf,6.15185358499612
"472",470.584,0,0,0,0,-Inf,-Inf,-Inf,-Inf,6.15397447656526
"473",471.581,0,0,0,0,-Inf,-Inf,-Inf,-Inf,6.15609087947163
"474",472.578,0,0,0,0,-Inf,-Inf,-Inf,-Inf,6.15820281267478
"475",473.575,0,0,0,0,-Inf,-Inf,-Inf,-Inf,6.16031029501434
"476",474.572,0,0,0,0,-Inf,-Inf,-Inf,-Inf,6.16241334521112
"477",475.569,0,0,0,0,-Inf,-Inf,-Inf,-Inf,6.16451198186804
"478",476.566,0,0,0,0,-Inf,-Inf,-Inf,-Inf,6.16660622347116
"479",477.563,0,0,0,0,-Inf,-Inf,-Inf,-Inf,6.16869608839062
"480",478.56,0,0,0,0,-Inf,-Inf,-Inf,-Inf,6.17078159488164
"481",479.557,0,0,0,0,-Inf,-Inf,-Inf,-Inf,6.17286276108546
"482",480.554,0,0,0,0,-Inf,-Inf,-Inf,-Inf,6.1749396050303
"483",481.551,0,0,0,0,-Inf,-Inf,-Inf,-Inf,6.17701214463227
"484",482.548,0,0,0,0,-Inf,-Inf,-Inf,-Inf,6.17908039769633
"485",483.545,0,0,0,0,-Inf,-Inf,-Inf,-Inf,6.18114438191718
"486",484.542,0,0,0,0,-Inf,-Inf,-Inf,-Inf,6.1832041148802
"487",485.539,0,0,0,0,-Inf,-Inf,-Inf,-Inf,6.18525961406229
"488",486.536,0,0,0,0,-Inf,-Inf,-Inf,-Inf,6.18731089683285
"489",487.533,0,0,0,0,-Inf,-Inf,-Inf,-Inf,6.18935798045457
"490",488.53,0,0,0,0,-Inf,-Inf,-Inf,-Inf,6.19140088208437
"491",489.527,0,0,0,0,-Inf,-Inf,-Inf,-Inf,6.19343961877422
"492",490.524,0,0,0,0,-Inf,-Inf,-Inf,-Inf,6.19547420747201
"493",491.521,0,0,0,0,-Inf,-Inf,-Inf,-Inf,6.19750466502239
"494",492.518,0,0,0,0,-Inf,-Inf,-Inf,-Inf,6.19953100816762
"495",493.515,0,0,0,0,-Inf,-Inf,-Inf,-Inf,6.20155325354839
"496",494.512,0,0,0,0,-Inf,-Inf,-Inf,-Inf,6.20357141770463
"497",495.509,0,0,0,0,-Inf,-Inf,-Inf,-Inf,6.20558551707633
"498",496.506,0,0,0,0,-Inf,-Inf,-Inf,-Inf,6.20759556800435
"499",497.503,0,0,0,0,-Inf,-Inf,-Inf,-Inf,6.20960158673122
"500",498.5,0,0,0,0,-Inf,-Inf,-Inf,-Inf,6.21160358940189
"501",499.497,0,0,0,0,-Inf,-Inf,-Inf,-Inf,6.21360159206457
"502",500.494,0,0,0,0,-Inf,-Inf,-Inf,-Inf,6.21559561067143
"503",501.491,0,0,0,0,-Inf,-Inf,-Inf,-Inf,6.21758566107944
"504",502.488,0,0,0,0,-Inf,-Inf,-Inf,-Inf,6.21957175905107
"505",503.485,0,0,0,0,-Inf,-Inf,-Inf,-Inf,6.22155392025506
"506",504.482,0,0,0,0,-Inf,-Inf,-Inf,-Inf,6.22353216026717
"507",505.479,0,0,0,0,-Inf,-Inf,-Inf,-Inf,6.22550649457088
"508",506.476,0,0,0,0,-Inf,-Inf,-Inf,-Inf,6.22747693855818
"509",507.473,0,0,0,0,-Inf,-Inf,-Inf,-Inf,6.22944350753022
"510",508.47,0,0,0,0,-Inf,-Inf,-Inf,-Inf,6.23140621669807
"511",509.467,0,0,0,0,-Inf,-Inf,-Inf,-Inf,6.23336508118341
"512",510.464,0,0,0,0,-Inf,-Inf,-Inf,-Inf,6.23532011601921
